date,service_id,users,devices,virtual_machines,tickets
2025-01-01,S001,1200,1100,0,240
2025-01-01,S002,1200,950,0,120
2025-01-01,S003,0,0,320,40
2025-01-01,S004,650,0,0,80
2025-01-01,S005,1200,0,0,60
2025-02-01,S001,1220,1120,0,210
2025-02-01,S002,1220,970,0,110
2025-02-01,S003,0,0,350,45
2025-02-01,S004,660,0,0,70
2025-02-01,S005,1220,0,0,55
